<?xml version="1.0" encoding="UTF-8"?>

<!-- 721424060 -->
<!-- S92064060 -->

<Patients>
	<patient>
		<PatientID>1014</PatientID>
		<Name>Fasly</Name>
		<Age>43</Age>
		<Address>Main street, Attalaichenai</Address>
		<TelephoneNumber>0717978799</TelephoneNumber>
		<BloodType>O+</BloodType>
		<Allergies>Pollen</Allergies>
	</patient>
	<patient>
		<PatientID>1015</PatientID>
		<Name>Fathima Nabeeha</Name>
		<Age>09</Age>
		<Address>Pottuvil</Address>
		<TelephoneNumber>0762233373</TelephoneNumber>
		<BloodType>O+</BloodType>
		<Allergies>None</Allergies>
	</patient>
	<patient>
		<PatientID>1016</PatientID>
		<Name>Nilanthini</Name>
		<Age>42</Age>
		<Address>Komari, Pottuvil</Address>
		<TelephoneNumber>0742233585</TelephoneNumber>
		<BloodType>AB+</BloodType>
		<Allergies>Aspirin</Allergies>
	</patient>
	<patient>
		<PatientID>1017</PatientID>
		<Name>Dheeksana</Name>
		<Age>38</Age>
		<Address>Kandy</Address>
		<TelephoneNumber>0714776563</TelephoneNumber>
		<BloodType>A+</BloodType>
		<Allergies>None</Allergies>
	</patient>
	<patient>
		<PatientID>1018</PatientID>
		<Name>Dilakshana</Name>
		<Age>26</Age>
		<Address>Jaffna</Address>
		<TelephoneNumber>0789895633</TelephoneNumber>
		<BloodType>O-</BloodType>
		<Allergies>Penicillin</Allergies>
	</patient>
</Patients>