<?xml version="1.0" encoding="UTF-8"?>

<!-- 721424060 -->
<!-- S92064060 -->

<Staffs>
	<staff>
		<EmployeeNumber>11</EmployeeNumber>
		<Name>Kumara Jayandha</Name>
		<Gender>Male</Gender>
		<Address>Main street, Polannaruwa</Address>
		<TelephoneNumber>124569663</TelephoneNumber>
		<Salary>50000.00</Salary>
	</staff>
	<staff>
		<EmployeeNumber>12</EmployeeNumber>
		<Name>Tashni Perera</Name>
		<Gender>Female</Gender>
		<Address>Main street, Kolannawa</Address>
		<TelephoneNumber>123569898</TelephoneNumber>
		<Salary>58500.00</Salary>
	</staff>
	<staff>
		<EmployeeNumber>13</EmployeeNumber>
		<Name>Sathasarani</Name>
		<Gender>Female</Gender>
		<Address>Panama south, Panama</Address>
		<TelephoneNumber>721425656</TelephoneNumber>
		<Salary>60000.00</Salary>
	</staff>
	<staff>
		<EmployeeNumber>14</EmployeeNumber>
		<Name>Kethum Akanayake</Name>
		<Gender>Male</Gender>
		<Address>Amapara</Address>
		<TelephoneNumber>324586562</TelephoneNumber>
		<Salary>100000.00</Salary>
	</staff>
	<staff>
		<EmployeeNumber>15</EmployeeNumber>
		<Name>Achchini hemawitharana</Name>
		<Gender>Female</Gender>
		<Address>Colombo 12</Address>
		<TelephoneNumber>123227548</TelephoneNumber>
		<Salary>250000.00</Salary>
	</staff>
</Staffs>